<metadata xml:lang="en"><Esri><CreaDate>20210324</CreaDate><CreaTime>20465700</CreaTime><ArcGISFormat>1.0</ArcGISFormat><SyncOnce>FALSE</SyncOnce><DataProperties><itemProps><itemName Sync="TRUE">NonViolentCrimesTable</itemName><imsContentType Sync="TRUE">002</imsContentType><itemLocation><linkage Sync="TRUE">file://\\LAPTOP-H3D49C65\C$\student\spatstat\info\arc0000.dat</linkage><protocol Sync="TRUE">Local Area Network</protocol></itemLocation><itemSize Sync="TRUE">0.000</itemSize></itemProps><coordRef><type Sync="TRUE">Projected</type><geogcsn Sync="TRUE">GCS_WGS_1984</geogcsn><csUnits Sync="TRUE">Linear Unit: Meter (1.000000)</csUnits><projcsn Sync="TRUE">WGS_1984_UTM_Zone_17N</projcsn><peXml Sync="TRUE">&lt;ProjectedCoordinateSystem xsi:type='typens:ProjectedCoordinateSystem' xmlns:xsi='http://www.w3.org/2001/XMLSchema-instance' xmlns:xs='http://www.w3.org/2001/XMLSchema' xmlns:typens='http://www.esri.com/schemas/ArcGIS/2.7.0'&gt;&lt;WKT&gt;PROJCS[&amp;quot;WGS_1984_UTM_Zone_17N&amp;quot;,GEOGCS[&amp;quot;GCS_WGS_1984&amp;quot;,DATUM[&amp;quot;D_WGS_1984&amp;quot;,SPHEROID[&amp;quot;WGS_1984&amp;quot;,6378137.0,298.257223563]],PRIMEM[&amp;quot;Greenwich&amp;quot;,0.0],UNIT[&amp;quot;Degree&amp;quot;,0.0174532925199433]],PROJECTION[&amp;quot;Transverse_Mercator&amp;quot;],PARAMETER[&amp;quot;False_Easting&amp;quot;,500000.0],PARAMETER[&amp;quot;False_Northing&amp;quot;,0.0],PARAMETER[&amp;quot;Central_Meridian&amp;quot;,-81.0],PARAMETER[&amp;quot;Scale_Factor&amp;quot;,0.9996],PARAMETER[&amp;quot;Latitude_Of_Origin&amp;quot;,0.0],UNIT[&amp;quot;Meter&amp;quot;,1.0],AUTHORITY[&amp;quot;EPSG&amp;quot;,32617]]&lt;/WKT&gt;&lt;XOrigin&gt;-5120900&lt;/XOrigin&gt;&lt;YOrigin&gt;-9998100&lt;/YOrigin&gt;&lt;XYScale&gt;450445547.3910538&lt;/XYScale&gt;&lt;ZOrigin&gt;-100000&lt;/ZOrigin&gt;&lt;ZScale&gt;10000&lt;/ZScale&gt;&lt;MOrigin&gt;-100000&lt;/MOrigin&gt;&lt;MScale&gt;10000&lt;/MScale&gt;&lt;XYTolerance&gt;0.001&lt;/XYTolerance&gt;&lt;ZTolerance&gt;0.001&lt;/ZTolerance&gt;&lt;MTolerance&gt;0.001&lt;/MTolerance&gt;&lt;HighPrecision&gt;true&lt;/HighPrecision&gt;&lt;WKID&gt;32617&lt;/WKID&gt;&lt;LatestWKID&gt;32617&lt;/LatestWKID&gt;&lt;/ProjectedCoordinateSystem&gt;</peXml></coordRef><lineage><Process ToolSource="c:\program files\arcgis\pro\Resources\ArcToolbox\toolboxes\Conversion Tools.tbx\FeatureClassToFeatureClass" Date="20210324" Time="185804">FeatureClassToFeatureClass C:\Student\SpatStat\Robbery.shp C:\Student\SpatStat\SpatStat.gdb\Toronto Robbery # "Index_ "Index_" true true false 6 Long 0 6,First,#,C:\Student\SpatStat\Robbery.shp,Index_,-1,-1;event_uniq "event_uniq" true true false 16 Text 0 0,First,#,C:\Student\SpatStat\Robbery.shp,event_uniq,0,16;Division "Division" true true false 3 Text 0 0,First,#,C:\Student\SpatStat\Robbery.shp,Division,0,3;occurrence "occurrence" true true false 8 Date 0 0,First,#,C:\Student\SpatStat\Robbery.shp,occurrence,-1,-1;reportedda "reportedda" true true false 8 Date 0 0,First,#,C:\Student\SpatStat\Robbery.shp,reportedda,-1,-1;premises_t "premises_t" true true false 11 Text 0 0,First,#,C:\Student\SpatStat\Robbery.shp,premises_t,0,11;ucr_code "ucr_code" true true false 4 Short 0 4,First,#,C:\Student\SpatStat\Robbery.shp,ucr_code,-1,-1;ucr_ext "ucr_ext" true true false 3 Short 0 3,First,#,C:\Student\SpatStat\Robbery.shp,ucr_ext,-1,-1;offence "offence" true true false 29 Text 0 0,First,#,C:\Student\SpatStat\Robbery.shp,offence,0,29;reportedye "reportedye" true true false 4 Short 0 4,First,#,C:\Student\SpatStat\Robbery.shp,reportedye,-1,-1;reportedmo "reportedmo" true true false 9 Text 0 0,First,#,C:\Student\SpatStat\Robbery.shp,reportedmo,0,9;reported_1 "reported_1" true true false 2 Short 0 2,First,#,C:\Student\SpatStat\Robbery.shp,reported_1,-1,-1;reported_2 "reported_2" true true false 3 Short 0 3,First,#,C:\Student\SpatStat\Robbery.shp,reported_2,-1,-1;reported_3 "reported_3" true true false 9 Text 0 0,First,#,C:\Student\SpatStat\Robbery.shp,reported_3,0,9;reportedho "reportedho" true true false 2 Short 0 2,First,#,C:\Student\SpatStat\Robbery.shp,reportedho,-1,-1;occurren_1 "occurren_1" true true false 4 Short 0 4,First,#,C:\Student\SpatStat\Robbery.shp,occurren_1,-1,-1;occurren_2 "occurren_2" true true false 9 Text 0 0,First,#,C:\Student\SpatStat\Robbery.shp,occurren_2,0,9;occurren_3 "occurren_3" true true false 2 Short 0 2,First,#,C:\Student\SpatStat\Robbery.shp,occurren_3,-1,-1;occurren_4 "occurren_4" true true false 3 Short 0 3,First,#,C:\Student\SpatStat\Robbery.shp,occurren_4,-1,-1;occurren_5 "occurren_5" true true false 9 Text 0 0,First,#,C:\Student\SpatStat\Robbery.shp,occurren_5,0,9;occurren_6 "occurren_6" true true false 2 Short 0 2,First,#,C:\Student\SpatStat\Robbery.shp,occurren_6,-1,-1;MCI "MCI" true true false 7 Text 0 0,First,#,C:\Student\SpatStat\Robbery.shp,MCI,0,7;Hood_ID "Hood_ID" true true false 3 Text 0 0,First,#,C:\Student\SpatStat\Robbery.shp,Hood_ID,0,3;Neighbourh "Neighbourh" true true false 40 Text 0 0,First,#,C:\Student\SpatStat\Robbery.shp,Neighbourh,0,40;Long "Long" true true false 24 Double 15 23,First,#,C:\Student\SpatStat\Robbery.shp,Long,-1,-1;Lat "Lat" true true false 24 Double 15 23,First,#,C:\Student\SpatStat\Robbery.shp,Lat,-1,-1;ObjectId "ObjectId" true true false 5 Long 0 5,First,#,C:\Student\SpatStat\Robbery.shp,ObjectId,-1,-1" #</Process><Process ToolSource="c:\program files\arcgis\pro\Resources\ArcToolbox\toolboxes\Data Management Tools.tbx\DeleteField" Date="20210324" Time="194449">DeleteField Robbery Hood_ID;ObjectId</Process><Process ToolSource="c:\program files\arcgis\pro\Resources\ArcToolbox\toolboxes\Data Management Tools.tbx\CopyMultiple" Date="20210324" Time="204657">CopyMultiple "C:\Student\SpatStat\SpatStat.gdb\Toronto\Robbery FeatureClass" C:\Student\SpatStat\SpatStat.gdb\Toronto Robbery_1 "Robbery FeatureClass Robbery_1 #"</Process><Process ToolSource="c:\program files\arcgis\pro\Resources\ArcToolbox\toolboxes\Data Management Tools.tbx\DeleteField" Date="20210331" Time="004418">DeleteField Robbery_1 Index_</Process><Process ToolSource="c:\program files\arcgis\pro\Resources\ArcToolbox\toolboxes\Data Management Tools.tbx\DeleteField" Date="20210331" Time="004440">DeleteField Robbery_1 ucr_code</Process><Process ToolSource="c:\program files\arcgis\pro\Resources\ArcToolbox\toolboxes\Data Management Tools.tbx\DeleteField" Date="20210331" Time="004447">DeleteField Robbery_1 ucr_ext</Process><Process ToolSource="c:\program files\arcgis\pro\Resources\ArcToolbox\toolboxes\Data Management Tools.tbx\Merge" Date="20210331" Time="154121">Merge Robbery_1;BicycleThefts;AutoTheft C:\Student\SpatStat\NonViolentCrimes4.shp "event_uniq "event_uniq" true true false 16 Text 0 0,First,#,Robbery_1,event_uniq,0,16;Division "Division" true true false 3 Text 0 0,First,#,Robbery_1,Division,0,3;occurrence "occurrence" true true false 8 Date 0 0,First,#,Robbery_1,occurrence,-1,-1,AutoTheft,occurrence,-1,-1,BicycleThefts,Occurrence,-1,-1;reportedda "reportedda" true true false 8 Date 0 0,First,#,Robbery_1,reportedda,-1,-1;premises_t "premises_t" true true false 11 Text 0 0,First,#,Robbery_1,premises_t,0,11,AutoTheft,premises_t,0,11,BicycleThefts,Premises_T,0,11;offence "offence" true true false 29 Text 0 0,First,#,Robbery_1,offence,0,29,AutoTheft,offence,0,22,BicycleThefts,offence,0,30;reportedye "reportedye" true true false 2 Short 0 0,First,#,Robbery_1,reportedye,-1,-1;reportedmo "reportedmo" true true false 9 Text 0 0,First,#,Robbery_1,reportedmo,0,9;reported_1 "reported_1" true true false 2 Short 0 0,First,#,Robbery_1,reported_1,-1,-1;reported_2 "reported_2" true true false 2 Short 0 0,First,#,Robbery_1,reported_2,-1,-1;reported_3 "reported_3" true true false 9 Text 0 0,First,#,Robbery_1,reported_3,0,9;reportedho "reportedho" true true false 2 Short 0 0,First,#,Robbery_1,reportedho,-1,-1;occurren_1 "occurren_1" true true false 2 Short 0 0,First,#,Robbery_1,occurren_1,-1,-1,AutoTheft,occurren_1,-1,-1,BicycleThefts,Occurren_1,-1,-1;occurren_2 "occurren_2" true true false 9 Text 0 0,First,#,Robbery_1,occurren_2,0,9,AutoTheft,occurren_2,0,9,BicycleThefts,Occurren_2,0,9;occurren_3 "occurren_3" true true false 2 Short 0 0,First,#,Robbery_1,occurren_3,-1,-1,AutoTheft,occurren_3,-1,-1,BicycleThefts,Occurren_3,0,9;occurren_4 "occurren_4" true true false 2 Short 0 0,First,#,Robbery_1,occurren_4,-1,-1,AutoTheft,occurren_4,-1,-1,BicycleThefts,Occurren_4,-1,-1;occurren_5 "occurren_5" true true false 9 Text 0 0,First,#,Robbery_1,occurren_5,0,9,AutoTheft,occurren_5,0,9,BicycleThefts,Occurren_5,-1,-1;occurren_6 "occurren_6" true true false 2 Short 0 0,First,#,Robbery_1,occurren_6,-1,-1,AutoTheft,occurren_6,-1,-1,BicycleThefts,Occurren_6,-1,-1;MCI "MCI" true true false 7 Text 0 0,First,#,Robbery_1,MCI,0,7,AutoTheft,MCI,0,10;Neighbourh "Neighbourh" true true false 40 Text 0 0,First,#,Robbery_1,Neighbourh,0,40,AutoTheft,Neighbourh,0,40,BicycleThefts,Neighbourh,0,40;Long "Long" true true false 8 Double 0 0,First,#,Robbery_1,Long,-1,-1,AutoTheft,Long,-1,-1,BicycleThefts,Long,-1,-1;Lat "Lat" true true false 8 Double 0 0,First,#,Robbery_1,Lat,-1,-1,AutoTheft,Lat,-1,-1,BicycleThefts,Lat,-1,-1;OBJECTID "OBJECTID" true true false 4 Long 0 0,First,#,BicycleThefts,OBJECTID,-1,-1;Location_T "Location_T" true true false 70 Text 0 0,First,#,BicycleThefts,Location_T,0,70" NO_SOURCE_INFO</Process><Process ToolSource="c:\program files\arcgis\pro\Resources\ArcToolbox\toolboxes\Data Management Tools.tbx\DeleteField" Date="20210331" Time="154156">DeleteField NonViolentCrimes4 OBJECTID</Process><Process ToolSource="c:\program files\arcgis\pro\Resources\ArcToolbox\toolboxes\Data Management Tools.tbx\DeleteField" Date="20210331" Time="154201">DeleteField NonViolentCrimes4 Location_T</Process><Process ToolSource="c:\program files\arcgis\pro\Resources\ArcToolbox\toolboxes\Data Management Tools.tbx\DeleteField" Date="20210331" Time="154216">DeleteField NonViolentCrimes4 reportedmo;reported_1;reported_2;reported_3;reportedho;Lat</Process><Process ToolSource="c:\program files\arcgis\pro\Resources\ArcToolbox\toolboxes\Data Management Tools.tbx\DeleteField" Date="20210331" Time="154230">DeleteField NonViolentCrimes4 Division</Process><Process ToolSource="c:\program files\arcgis\pro\Resources\ArcToolbox\toolboxes\Data Management Tools.tbx\DeleteField" Date="20210331" Time="154246">DeleteField NonViolentCrimes4 MCI</Process><Process ToolSource="c:\program files\arcgis\pro\Resources\ArcToolbox\toolboxes\Data Management Tools.tbx\DeleteField" Date="20210331" Time="154258">DeleteField NonViolentCrimes4 reportedye</Process></lineage><LayerFile>{"type":"CIMLayerDocument","version":"2.7.0","build":26828,"layers":["CIMPATH=Map/ef753afce1e3425b8b804b8510b8a98d.xml"],"layerDefinitions":[{"type":"CIMFeatureLayer","name":"NonViolentCrimes4","uRI":"CIMPATH=Map/ef753afce1e3425b8b804b8510b8a98d.xml","sourceModifiedTime":{"type":"TimeInstant"},"useSourceMetadata":true,"description":"Robbery_1","layerElevation":{"type":"CIMLayerElevationSurface","mapElevationID":"{DE84DF55-5C85-46EE-BE5E-6A600AF1D208}"},"expanded":true,"layerType":"Operational","showLegends":true,"visibility":true,"displayCacheType":"Permanent","maxDisplayCacheAge":5,"showPopups":true,"serviceLayerID":-1,"refreshRate":-1,"refreshRateUnit":"esriTimeUnitsSeconds","blendingMode":"Alpha","autoGenerateFeatureTemplates":true,"featureElevationExpression":"0","featureTable":{"type":"CIMFeatureTable","displayField":"event_uniq","editable":true,"dataConnection":{"type":"CIMStandardDataConnection","workspaceConnectionString":"DATABASE=..\\..\\..\\..\\..\\..\\Student\\SpatStat","workspaceFactory":"Shapefile","dataset":"NonViolentCrimes4","datasetType":"esriDTFeatureClass"},"studyAreaSpatialRel":"esriSpatialRelUndefined","searchOrder":"esriSearchOrderSpatial"},"htmlPopupEnabled":true,"selectable":true,"featureCacheType":"Session","displayFiltersType":"ByScale","featureBlendingMode":"Alpha","labelClasses":[{"type":"CIMLabelClass","expressionTitle":"Custom","expression":"$feature.Index_","expressionEngine":"Arcade","featuresToLabel":"AllVisibleFeatures","maplexLabelPlacementProperties":{"type":"CIMMaplexLabelPlacementProperties","featureType":"Point","avoidPolygonHoles":true,"canOverrunFeature":true,"canPlaceLabelOutsidePolygon":true,"canRemoveOverlappingLabel":true,"canStackLabel":true,"connectionType":"Unambiguous","constrainOffset":"NoConstraint","contourAlignmentType":"Page","contourLadderType":"Straight","contourMaximumAngle":90,"enableConnection":true,"enablePointPlacementPriorities":true,"featureWeight":0,"fontHeightReductionLimit":4,"fontHeightReductionStep":0.5,"fontWidthReductionLimit":90,"fontWidthReductionStep":5,"graticuleAlignmentType":"Straight","keyNumberGroupName":"Default","labelBuffer":15,"labelLargestPolygon":true,"labelPriority":-1,"labelStackingProperties":{"type":"CIMMaplexLabelStackingProperties","stackAlignment":"ChooseBest","maximumNumberOfLines":3,"minimumNumberOfCharsPerLine":3,"maximumNumberOfCharsPerLine":24,"separators":[{"type":"CIMMaplexStackingSeparator","separator":" ","splitAfter":true},{"type":"CIMMaplexStackingSeparator","separator":",","visible":true,"splitAfter":true}]},"lineFeatureType":"General","linePlacementMethod":"OffsetCurvedFromLine","maximumLabelOverrun":36,"maximumLabelOverrunUnit":"Point","minimumFeatureSizeUnit":"Map","multiPartOption":"OneLabelPerPart","offsetAlongLineProperties":{"type":"CIMMaplexOffsetAlongLineProperties","placementMethod":"BestPositionAlongLine","labelAnchorPoint":"CenterOfLabel","distanceUnit":"Percentage","useLineDirection":true},"pointExternalZonePriorities":{"type":"CIMMaplexExternalZonePriorities","aboveLeft":4,"aboveCenter":2,"aboveRight":1,"centerRight":3,"belowRight":5,"belowCenter":7,"belowLeft":8,"centerLeft":6},"pointPlacementMethod":"AroundPoint","polygonAnchorPointType":"GeometricCenter","polygonBoundaryWeight":0,"polygonExternalZones":{"type":"CIMMaplexExternalZonePriorities","aboveLeft":4,"aboveCenter":2,"aboveRight":1,"centerRight":3,"belowRight":5,"belowCenter":7,"belowLeft":8,"centerLeft":6},"polygonFeatureType":"General","polygonInternalZones":{"type":"CIMMaplexInternalZonePriorities","center":1},"polygonPlacementMethod":"CurvedInPolygon","primaryOffset":1,"primaryOffsetUnit":"Point","removeExtraWhiteSpace":true,"repetitionIntervalUnit":"Point","rotationProperties":{"type":"CIMMaplexRotationProperties","rotationType":"Arithmetic","alignmentType":"Straight"},"secondaryOffset":100,"strategyPriorities":{"type":"CIMMaplexStrategyPriorities","stacking":1,"overrun":2,"fontCompression":3,"fontReduction":4,"abbreviation":5},"thinningDistanceUnit":"Point","truncationMarkerCharacter":".","truncationMinimumLength":1,"truncationPreferredCharacters":"aeiou","truncationExcludedCharacters":"0123456789","polygonAnchorPointPerimeterInsetUnit":"Point"},"name":"Class 1","priority":-1,"standardLabelPlacementProperties":{"type":"CIMStandardLabelPlacementProperties","featureType":"Line","featureWeight":"None","labelWeight":"High","numLabelsOption":"OneLabelPerName","lineLabelPosition":{"type":"CIMStandardLineLabelPosition","above":true,"inLine":true,"parallel":true},"lineLabelPriorities":{"type":"CIMStandardLineLabelPriorities","aboveStart":3,"aboveAlong":3,"aboveEnd":3,"centerStart":3,"centerAlong":3,"centerEnd":3,"belowStart":3,"belowAlong":3,"belowEnd":3},"pointPlacementMethod":"AroundPoint","pointPlacementPriorities":{"type":"CIMStandardPointPlacementPriorities","aboveLeft":2,"aboveCenter":2,"aboveRight":1,"centerLeft":3,"centerRight":2,"belowLeft":3,"belowCenter":3,"belowRight":2},"rotationType":"Arithmetic","polygonPlacementMethod":"AlwaysHorizontal"},"textSymbol":{"type":"CIMSymbolReference","symbol":{"type":"CIMTextSymbol","blockProgression":"TTB","depth3D":1,"extrapolateBaselines":true,"fontEffects":"Normal","fontEncoding":"Unicode","fontFamilyName":"Tahoma","fontStyleName":"Regular","fontType":"Unspecified","haloSize":1,"height":10,"hinting":"Default","horizontalAlignment":"Left","kerning":true,"letterWidth":100,"ligatures":true,"lineGapType":"ExtraLeading","symbol":{"type":"CIMPolygonSymbol","symbolLayers":[{"type":"CIMSolidFill","enable":true,"color":{"type":"CIMRGBColor","values":[0,0,0,100]}}]},"textCase":"Normal","textDirection":"LTR","verticalAlignment":"Bottom","verticalGlyphOrientation":"Right","wordSpacing":100,"billboardMode3D":"FaceNearPlane"}},"useCodedValue":true,"visibility":true,"iD":-1}],"renderer":{"type":"CIMSimpleRenderer","patch":"Default","symbol":{"type":"CIMSymbolReference","symbol":{"type":"CIMPointSymbol","symbolLayers":[{"type":"CIMVectorMarker","enable":true,"anchorPointUnits":"Relative","dominantSizeAxis3D":"Z","size":4,"billboardMode3D":"FaceNearPlane","frame":{"xmin":-2,"ymin":-2,"xmax":2,"ymax":2},"markerGraphics":[{"type":"CIMMarkerGraphic","geometry":{"curveRings":[[[1.2246467991473532e-16,2],{"a":[[1.2246467991473532e-16,2],[0,0],0,1]}]]},"symbol":{"type":"CIMPolygonSymbol","symbolLayers":[{"type":"CIMSolidStroke","enable":true,"capStyle":"Round","joinStyle":"Round","lineStyle3D":"Strip","miterLimit":10,"width":0.69999999999999996,"color":{"type":"CIMRGBColor","values":[0,0,0,100]}},{"type":"CIMSolidFill","enable":true,"color":{"type":"CIMRGBColor","values":[132.599999999999994,42.43,66.480000000000004,100]}}]}}],"respectFrame":true}],"haloSize":1,"scaleX":1,"angleAlignment":"Display"}}},"scaleSymbols":true,"snappable":true}]}</LayerFile></DataProperties><SyncDate>20210331</SyncDate><SyncTime>15431400</SyncTime><ModDate>20210331</ModDate><ModTime>15431400</ModTime></Esri><dataIdInfo><envirDesc Sync="TRUE">Microsoft Windows 10 Version 10.0 (Build 18363) ; Esri ArcGIS 12.7.0.26828</envirDesc><dataLang><languageCode value="eng" Sync="TRUE"></languageCode><countryCode value="USA" Sync="TRUE"></countryCode></dataLang><idCitation><resTitle Sync="TRUE">NonViolentCrimesTable</resTitle><presForm><PresFormCd value="011" Sync="TRUE"></PresFormCd></presForm></idCitation><spatRpType><SpatRepTypCd value="003" Sync="TRUE"></SpatRepTypCd></spatRpType></dataIdInfo><mdLang><languageCode value="eng" Sync="TRUE"></languageCode><countryCode value="USA" Sync="TRUE"></countryCode></mdLang><distInfo><distFormat><formatName Sync="TRUE">Info Table</formatName></distFormat><distTranOps><transSize Sync="TRUE">0.000</transSize></distTranOps></distInfo><mdHrLv><ScopeCd value="007" Sync="TRUE"></ScopeCd></mdHrLv><mdHrLvName Sync="TRUE">dataset</mdHrLvName><refSysInfo><RefSystem><refSysID><identCode code="32617" Sync="TRUE"></identCode><idCodeSpace Sync="TRUE">EPSG</idCodeSpace><idVersion Sync="TRUE">2.1(3.0.1)</idVersion></refSysID></RefSystem></refSysInfo><spatRepInfo><VectSpatRep><geometObjs Name="NonViolentCrimes4"><geoObjTyp><GeoObjTypCd value="004" Sync="TRUE"></GeoObjTypCd></geoObjTyp><geoObjCnt Sync="TRUE">0</geoObjCnt></geometObjs><topLvl><TopoLevCd value="001" Sync="TRUE"></TopoLevCd></topLvl></VectSpatRep></spatRepInfo><spdoinfo><ptvctinf><esriterm Name="NonViolentCrimes4"><efeatyp Sync="TRUE">Simple</efeatyp><efeageom code="1" Sync="TRUE"></efeageom><esritopo Sync="TRUE">FALSE</esritopo><efeacnt Sync="TRUE">0</efeacnt><spindex Sync="TRUE">FALSE</spindex><linrefer Sync="TRUE">FALSE</linrefer></esriterm></ptvctinf></spdoinfo><eainfo><detailed Name="NonViolentCrimesTable"><enttyp><enttypl Sync="TRUE">NonViolentCrimesTable</enttypl><enttypt Sync="TRUE">Table</enttypt><enttypc Sync="TRUE">0</enttypc></enttyp><attr><attrlabl Sync="TRUE">OID</attrlabl><attalias Sync="TRUE">OID</attalias><attrtype Sync="TRUE">OID</attrtype><attwidth Sync="TRUE">4</attwidth><atprecis Sync="TRUE">0</atprecis><attscale Sync="TRUE">0</attscale><attrdef Sync="TRUE">Internal object number.</attrdef><attrdefs Sync="TRUE">ESRI</attrdefs><attrdomv><udom Sync="TRUE">Sequential unique whole numbers that are automatically generated.</udom></attrdomv></attr><attr><attrlabl Sync="TRUE">OBJECTID</attrlabl><attalias Sync="TRUE">Shape</attalias><attrtype Sync="TRUE">Binary</attrtype><attwidth Sync="TRUE">4</attwidth><atprecis Sync="TRUE">0</atprecis><attscale Sync="TRUE">0</attscale><attrdef Sync="TRUE">Feature geometry.</attrdef><attrdefs Sync="TRUE">Esri</attrdefs><attrdomv><udom Sync="TRUE">Coordinates defining the features.</udom></attrdomv><atoutwid Sync="TRUE">9</atoutwid></attr><attr><attrlabl Sync="TRUE">SCODE_NAME</attrlabl><attalias Sync="TRUE">event_uniq</attalias><attrtype Sync="TRUE">Character</attrtype><attwidth Sync="TRUE">10</attwidth><atprecis Sync="TRUE">0</atprecis><attscale Sync="TRUE">0</attscale><atoutwid Sync="TRUE">10</atoutwid></attr><attr><attrlabl Sync="TRUE">PNT_COUNT</attrlabl><attalias Sync="TRUE">Division</attalias><attrtype Sync="TRUE">Binary</attrtype><attwidth Sync="TRUE">4</attwidth><atprecis Sync="TRUE">0</atprecis><attscale Sync="TRUE">0</attscale><atoutwid Sync="TRUE">9</atoutwid></attr><attr><attrlabl Sync="TRUE">PERCENTAGE</attrlabl><attalias Sync="TRUE">occurrence</attalias><attrtype Sync="TRUE">Float</attrtype><attwidth Sync="TRUE">8</attwidth><atprecis Sync="TRUE">0</atprecis><attscale Sync="TRUE">0</attscale><atoutwid Sync="TRUE">18</atoutwid><atnumdec Sync="TRUE">5</atnumdec></attr><attr><attrlabl Sync="TRUE">reportedda</attrlabl><attalias Sync="TRUE">reportedda</attalias><attrtype Sync="TRUE">Date</attrtype><attwidth Sync="TRUE">8</attwidth><atprecis Sync="TRUE">0</atprecis><attscale Sync="TRUE">0</attscale></attr><attr><attrlabl Sync="TRUE">premises_t</attrlabl><attalias Sync="TRUE">premises_t</attalias><attrtype Sync="TRUE">String</attrtype><attwidth Sync="TRUE">11</attwidth><atprecis Sync="TRUE">0</atprecis><attscale Sync="TRUE">0</attscale></attr><attr><attrlabl Sync="TRUE">offence</attrlabl><attalias Sync="TRUE">offence</attalias><attrtype Sync="TRUE">String</attrtype><attwidth Sync="TRUE">29</attwidth><atprecis Sync="TRUE">0</atprecis><attscale Sync="TRUE">0</attscale></attr><attr><attrlabl Sync="TRUE">reportedye</attrlabl><attalias Sync="TRUE">reportedye</attalias><attrtype Sync="TRUE">Integer</attrtype><attwidth Sync="TRUE">5</attwidth><atprecis Sync="TRUE">5</atprecis><attscale Sync="TRUE">0</attscale></attr><attr><attrlabl Sync="TRUE">reportedmo</attrlabl><attalias Sync="TRUE">reportedmo</attalias><attrtype Sync="TRUE">String</attrtype><attwidth Sync="TRUE">9</attwidth><atprecis Sync="TRUE">0</atprecis><attscale Sync="TRUE">0</attscale></attr><attr><attrlabl Sync="TRUE">reported_1</attrlabl><attalias Sync="TRUE">reported_1</attalias><attrtype Sync="TRUE">Integer</attrtype><attwidth Sync="TRUE">5</attwidth><atprecis Sync="TRUE">5</atprecis><attscale Sync="TRUE">0</attscale></attr><attr><attrlabl Sync="TRUE">reported_2</attrlabl><attalias Sync="TRUE">reported_2</attalias><attrtype Sync="TRUE">Integer</attrtype><attwidth Sync="TRUE">5</attwidth><atprecis Sync="TRUE">5</atprecis><attscale Sync="TRUE">0</attscale></attr><attr><attrlabl Sync="TRUE">reported_3</attrlabl><attalias Sync="TRUE">reported_3</attalias><attrtype Sync="TRUE">String</attrtype><attwidth Sync="TRUE">9</attwidth><atprecis Sync="TRUE">0</atprecis><attscale Sync="TRUE">0</attscale></attr><attr><attrlabl Sync="TRUE">reportedho</attrlabl><attalias Sync="TRUE">reportedho</attalias><attrtype Sync="TRUE">Integer</attrtype><attwidth Sync="TRUE">5</attwidth><atprecis Sync="TRUE">5</atprecis><attscale Sync="TRUE">0</attscale></attr><attr><attrlabl Sync="TRUE">occurren_1</attrlabl><attalias Sync="TRUE">occurren_1</attalias><attrtype Sync="TRUE">Integer</attrtype><attwidth Sync="TRUE">5</attwidth><atprecis Sync="TRUE">5</atprecis><attscale Sync="TRUE">0</attscale></attr><attr><attrlabl Sync="TRUE">occurren_2</attrlabl><attalias Sync="TRUE">occurren_2</attalias><attrtype Sync="TRUE">String</attrtype><attwidth Sync="TRUE">9</attwidth><atprecis Sync="TRUE">0</atprecis><attscale Sync="TRUE">0</attscale></attr><attr><attrlabl Sync="TRUE">occurren_3</attrlabl><attalias Sync="TRUE">occurren_3</attalias><attrtype Sync="TRUE">Integer</attrtype><attwidth Sync="TRUE">5</attwidth><atprecis Sync="TRUE">5</atprecis><attscale Sync="TRUE">0</attscale></attr><attr><attrlabl Sync="TRUE">occurren_4</attrlabl><attalias Sync="TRUE">occurren_4</attalias><attrtype Sync="TRUE">Integer</attrtype><attwidth Sync="TRUE">5</attwidth><atprecis Sync="TRUE">5</atprecis><attscale Sync="TRUE">0</attscale></attr><attr><attrlabl Sync="TRUE">occurren_5</attrlabl><attalias Sync="TRUE">occurren_5</attalias><attrtype Sync="TRUE">String</attrtype><attwidth Sync="TRUE">9</attwidth><atprecis Sync="TRUE">0</atprecis><attscale Sync="TRUE">0</attscale></attr><attr><attrlabl Sync="TRUE">occurren_6</attrlabl><attalias Sync="TRUE">occurren_6</attalias><attrtype Sync="TRUE">Integer</attrtype><attwidth Sync="TRUE">5</attwidth><atprecis Sync="TRUE">5</atprecis><attscale Sync="TRUE">0</attscale></attr><attr><attrlabl Sync="TRUE">MCI</attrlabl><attalias Sync="TRUE">MCI</attalias><attrtype Sync="TRUE">String</attrtype><attwidth Sync="TRUE">7</attwidth><atprecis Sync="TRUE">0</atprecis><attscale Sync="TRUE">0</attscale></attr><attr><attrlabl Sync="TRUE">Neighbourh</attrlabl><attalias Sync="TRUE">Neighbourh</attalias><attrtype Sync="TRUE">String</attrtype><attwidth Sync="TRUE">40</attwidth><atprecis Sync="TRUE">0</atprecis><attscale Sync="TRUE">0</attscale></attr><attr><attrlabl Sync="TRUE">Long</attrlabl><attalias Sync="TRUE">Long</attalias><attrtype Sync="TRUE">Double</attrtype><attwidth Sync="TRUE">19</attwidth><atprecis Sync="TRUE">0</atprecis><attscale Sync="TRUE">0</attscale></attr><attr><attrlabl Sync="TRUE">Lat</attrlabl><attalias Sync="TRUE">Lat</attalias><attrtype Sync="TRUE">Double</attrtype><attwidth Sync="TRUE">19</attwidth><atprecis Sync="TRUE">0</atprecis><attscale Sync="TRUE">0</attscale></attr><attr><attrlabl Sync="TRUE">ObjectId</attrlabl><attalias Sync="TRUE">OBJECTID</attalias><attrtype Sync="TRUE">Integer</attrtype><attwidth Sync="TRUE">10</attwidth><atprecis Sync="TRUE">10</atprecis><attscale Sync="TRUE">0</attscale></attr><attr><attrlabl Sync="TRUE">Location_T</attrlabl><attalias Sync="TRUE">Location_T</attalias><attrtype Sync="TRUE">String</attrtype><attwidth Sync="TRUE">70</attwidth><atprecis Sync="TRUE">0</atprecis><attscale Sync="TRUE">0</attscale></attr></detailed></eainfo><mdDateSt Sync="TRUE">20210331</mdDateSt></metadata>
